29, 0 %, 1 MiB
31, 2 %, 618 MiB
31, 0 %, 618 MiB
31, 0 %, 618 MiB
31, 0 %, 618 MiB
32, 0 %, 618 MiB
32, 0 %, 618 MiB
32, 0 %, 618 MiB
32, 0 %, 618 MiB
32, 0 %, 618 MiB
31, 0 %, 618 MiB
30, 0 %, 618 MiB
30, 0 %, 618 MiB
30, 0 %, 618 MiB
30, 0 %, 618 MiB
30, 0 %, 618 MiB
30, 0 %, 618 MiB
30, 0 %, 618 MiB
30, 0 %, 618 MiB
30, 0 %, 618 MiB
30, 0 %, 618 MiB
30, 0 %, 618 MiB
30, 0 %, 618 MiB
30, 0 %, 618 MiB
30, 0 %, 618 MiB
30, 0 %, 618 MiB
30, 0 %, 618 MiB
30, 0 %, 618 MiB
30, 0 %, 618 MiB
30, 0 %, 618 MiB
30, 0 %, 618 MiB
30, 0 %, 618 MiB
30, 0 %, 618 MiB
30, 0 %, 618 MiB
30, 0 %, 618 MiB
29, 0 %, 618 MiB
30, 0 %, 618 MiB
30, 0 %, 618 MiB
29, 0 %, 618 MiB
29, 0 %, 618 MiB
29, 0 %, 618 MiB
29, 0 %, 618 MiB
29, 0 %, 618 MiB
29, 0 %, 618 MiB
29, 0 %, 618 MiB
29, 0 %, 618 MiB
29, 0 %, 618 MiB
31, 0 %, 7272 MiB
